state,gender,education,age,n,incidence_rate,case_fatality_ratio,sub_national_hdi,health_index,income_index,educational_index
Baden-Württemberg,female,2,1,260050,319.9683310940037,5.155425054349361,0.953,0.956,0.951,0.953
Baden-Württemberg,female,2,2,106490,319.9683310940037,5.155425054349361,0.953,0.956,0.951,0.953
Baden-Württemberg,female,2,3,96790,319.9683310940037,5.155425054349361,0.953,0.956,0.951,0.953
Baden-Württemberg,female,2,4,139780,319.9683310940037,5.155425054349361,0.953,0.956,0.951,0.953
Baden-Württemberg,female,2,5,160100,319.9683310940037,5.155425054349361,0.953,0.956,0.951,0.953
Baden-Württemberg,female,2,6,187870,319.9683310940037,5.155425054349361,0.953,0.956,0.951,0.953
Baden-Württemberg,female,2,7,284960,319.9683310940037,5.155425054349361,0.953,0.956,0.951,0.953
Baden-Württemberg,female,2,8,204040,319.9683310940037,5.155425054349361,0.953,0.956,0.951,0.953
Baden-Württemberg,female,4,1,22020,319.9683310940037,5.155425054349361,0.953,0.956,0.951,0.953
Baden-Württemberg,female,4,2,386300,319.9683310940037,5.155425054349361,0.953,0.956,0.951,0.953
Baden-Württemberg,female,4,3,319420,319.9683310940037,5.155425054349361,0.953,0.956,0.951,0.953
Baden-Württemberg,female,4,4,470220,319.9683310940037,5.155425054349361,0.953,0.956,0.951,0.953
Baden-Württemberg,female,4,5,388560,319.9683310940037,5.155425054349361,0.953,0.956,0.951,0.953
Baden-Württemberg,female,4,6,271970,319.9683310940037,5.155425054349361,0.953,0.956,0.951,0.953
Baden-Württemberg,female,4,7,205930,319.9683310940037,5.155425054349361,0.953,0.956,0.951,0.953
Baden-Württemberg,female,4,8,107900,319.9683310940037,5.155425054349361,0.953,0.956,0.951,0.953
Baden-Württemberg,female,5,1,990,319.9683310940037,5.155425054349361,0.953,0.956,0.951,0.953
Baden-Württemberg,female,5,2,145180,319.9683310940037,5.155425054349361,0.953,0.956,0.951,0.953
Baden-Württemberg,female,5,3,214090,319.9683310940037,5.155425054349361,0.953,0.956,0.951,0.953
Baden-Württemberg,female,5,4,245220,319.9683310940037,5.155425054349361,0.953,0.956,0.951,0.953
Baden-Württemberg,female,5,5,187950,319.9683310940037,5.155425054349361,0.953,0.956,0.951,0.953
Baden-Württemberg,female,5,6,102010,319.9683310940037,5.155425054349361,0.953,0.956,0.951,0.953
Baden-Württemberg,female,5,7,50700,319.9683310940037,5.155425054349361,0.953,0.956,0.951,0.953
Baden-Württemberg,female,5,8,23890,319.9683310940037,5.155425054349361,0.953,0.956,0.951,0.953
Baden-Württemberg,male,2,1,278470,319.9683310940037,5.155425054349361,0.953,0.956,0.951,0.953
Baden-Württemberg,male,2,2,110180,319.9683310940037,5.155425054349361,0.953,0.956,0.951,0.953
Baden-Württemberg,male,2,3,76870,319.9683310940037,5.155425054349361,0.953,0.956,0.951,0.953
Baden-Württemberg,male,2,4,101220,319.9683310940037,5.155425054349361,0.953,0.956,0.951,0.953
Baden-Württemberg,male,2,5,87240,319.9683310940037,5.155425054349361,0.953,0.956,0.951,0.953
Baden-Württemberg,male,2,6,72470,319.9683310940037,5.155425054349361,0.953,0.956,0.951,0.953
Baden-Württemberg,male,2,7,80720,319.9683310940037,5.155425054349361,0.953,0.956,0.951,0.953
Baden-Württemberg,male,2,8,36850,319.9683310940037,5.155425054349361,0.953,0.956,0.951,0.953
Baden-Württemberg,male,4,1,25450,319.9683310940037,5.155425054349361,0.953,0.956,0.951,0.953
Baden-Württemberg,male,4,2,423850,319.9683310940037,5.155425054349361,0.953,0.956,0.951,0.953
Baden-Württemberg,male,4,3,302980,319.9683310940037,5.155425054349361,0.953,0.956,0.951,0.953
Baden-Württemberg,male,4,4,428250,319.9683310940037,5.155425054349361,0.953,0.956,0.951,0.953
Baden-Württemberg,male,4,5,365960,319.9683310940037,5.155425054349361,0.953,0.956,0.951,0.953
Baden-Württemberg,male,4,6,268900,319.9683310940037,5.155425054349361,0.953,0.956,0.951,0.953
Baden-Württemberg,male,4,7,241620,319.9683310940037,5.155425054349361,0.953,0.956,0.951,0.953
Baden-Württemberg,male,4,8,91170,319.9683310940037,5.155425054349361,0.953,0.956,0.951,0.953
Baden-Württemberg,male,5,1,140,319.9683310940037,5.155425054349361,0.953,0.956,0.951,0.953
Baden-Württemberg,male,5,2,115880,319.9683310940037,5.155425054349361,0.953,0.956,0.951,0.953
Baden-Württemberg,male,5,3,240400,319.9683310940037,5.155425054349361,0.953,0.956,0.951,0.953
Baden-Württemberg,male,5,4,342300,319.9683310940037,5.155425054349361,0.953,0.956,0.951,0.953
Baden-Württemberg,male,5,5,267350,319.9683310940037,5.155425054349361,0.953,0.956,0.951,0.953
Baden-Württemberg,male,5,6,188290,319.9683310940037,5.155425054349361,0.953,0.956,0.951,0.953
Baden-Württemberg,male,5,7,132390,319.9683310940037,5.155425054349361,0.953,0.956,0.951,0.953
Baden-Württemberg,male,5,8,44020,319.9683310940037,5.155425054349361,0.953,0.956,0.951,0.953
Bayern,female,2,1,269370,366.26918934800244,5.367880407549691,0.947,0.951,0.952,0.938
Bayern,female,2,2,99870,366.26918934800244,5.367880407549691,0.947,0.951,0.952,0.938
Bayern,female,2,3,94040,366.26918934800244,5.367880407549691,0.947,0.951,0.952,0.938
Bayern,female,2,4,145600,366.26918934800244,5.367880407549691,0.947,0.951,0.952,0.938
Bayern,female,2,5,183010,366.26918934800244,5.367880407549691,0.947,0.951,0.952,0.938
Bayern,female,2,6,229370,366.26918934800244,5.367880407549691,0.947,0.951,0.952,0.938
Bayern,female,2,7,340260,366.26918934800244,5.367880407549691,0.947,0.951,0.952,0.938
Bayern,female,2,8,245710,366.26918934800244,5.367880407549691,0.947,0.951,0.952,0.938
Bayern,female,4,1,50900,366.26918934800244,5.367880407549691,0.947,0.951,0.952,0.938
Bayern,female,4,2,467030,366.26918934800244,5.367880407549691,0.947,0.951,0.952,0.938
Bayern,female,4,3,396840,366.26918934800244,5.367880407549691,0.947,0.951,0.952,0.938
Bayern,female,4,4,584280,366.26918934800244,5.367880407549691,0.947,0.951,0.952,0.938
Bayern,female,4,5,466480,366.26918934800244,5.367880407549691,0.947,0.951,0.952,0.938
Bayern,female,4,6,341610,366.26918934800244,5.367880407549691,0.947,0.951,0.952,0.938
Bayern,female,4,7,244620,366.26918934800244,5.367880407549691,0.947,0.951,0.952,0.938
Bayern,female,4,8,129470,366.26918934800244,5.367880407549691,0.947,0.951,0.952,0.938
Bayern,female,5,1,2340,366.26918934800244,5.367880407549691,0.947,0.951,0.952,0.938
Bayern,female,5,2,181720,366.26918934800244,5.367880407549691,0.947,0.951,0.952,0.938
Bayern,female,5,3,270250,366.26918934800244,5.367880407549691,0.947,0.951,0.952,0.938
Bayern,female,5,4,298160,366.26918934800244,5.367880407549691,0.947,0.951,0.952,0.938
Bayern,female,5,5,218410,366.26918934800244,5.367880407549691,0.947,0.951,0.952,0.938
Bayern,female,5,6,112200,366.26918934800244,5.367880407549691,0.947,0.951,0.952,0.938
Bayern,female,5,7,58210,366.26918934800244,5.367880407549691,0.947,0.951,0.952,0.938
Bayern,female,5,8,28140,366.26918934800244,5.367880407549691,0.947,0.951,0.952,0.938
Bayern,male,2,1,298490,366.26918934800244,5.367880407549691,0.947,0.951,0.952,0.938
Bayern,male,2,2,109260,366.26918934800244,5.367880407549691,0.947,0.951,0.952,0.938
Bayern,male,2,3,79810,366.26918934800244,5.367880407549691,0.947,0.951,0.952,0.938
Bayern,male,2,4,102070,366.26918934800244,5.367880407549691,0.947,0.951,0.952,0.938
Bayern,male,2,5,87940,366.26918934800244,5.367880407549691,0.947,0.951,0.952,0.938
Bayern,male,2,6,84210,366.26918934800244,5.367880407549691,0.947,0.951,0.952,0.938
Bayern,male,2,7,102930,366.26918934800244,5.367880407549691,0.947,0.951,0.952,0.938
Bayern,male,2,8,49290,366.26918934800244,5.367880407549691,0.947,0.951,0.952,0.938
Bayern,male,4,1,47870,366.26918934800244,5.367880407549691,0.947,0.951,0.952,0.938
Bayern,male,4,2,504880,366.26918934800244,5.367880407549691,0.947,0.951,0.952,0.938
Bayern,male,4,3,391480,366.26918934800244,5.367880407549691,0.947,0.951,0.952,0.938
Bayern,male,4,4,553200,366.26918934800244,5.367880407549691,0.947,0.951,0.952,0.938
Bayern,male,4,5,466800,366.26918934800244,5.367880407549691,0.947,0.951,0.952,0.938
Bayern,male,4,6,344660,366.26918934800244,5.367880407549691,0.947,0.951,0.952,0.938
Bayern,male,4,7,285950,366.26918934800244,5.367880407549691,0.947,0.951,0.952,0.938
Bayern,male,4,8,103350,366.26918934800244,5.367880407549691,0.947,0.951,0.952,0.938
Bayern,male,5,1,190,366.26918934800244,5.367880407549691,0.947,0.951,0.952,0.938
Bayern,male,5,2,135830,366.26918934800244,5.367880407549691,0.947,0.951,0.952,0.938
Bayern,male,5,3,282360,366.26918934800244,5.367880407549691,0.947,0.951,0.952,0.938
Bayern,male,5,4,393480,366.26918934800244,5.367880407549691,0.947,0.951,0.952,0.938
Bayern,male,5,5,304740,366.26918934800244,5.367880407549691,0.947,0.951,0.952,0.938
Bayern,male,5,6,218200,366.26918934800244,5.367880407549691,0.947,0.951,0.952,0.938
Bayern,male,5,7,141820,366.26918934800244,5.367880407549691,0.947,0.951,0.952,0.938
Bayern,male,5,8,48820,366.26918934800244,5.367880407549691,0.947,0.951,0.952,0.938
Berlin,female,2,1,58090,218.77587572081632,2.6460998244293954,0.95,0.939,0.923,0.99
Berlin,female,2,2,45500,218.77587572081632,2.6460998244293954,0.95,0.939,0.923,0.99
Berlin,female,2,3,34810,218.77587572081632,2.6460998244293954,0.95,0.939,0.923,0.99
Berlin,female,2,4,41060,218.77587572081632,2.6460998244293954,0.95,0.939,0.923,0.99
Berlin,female,2,5,37730,218.77587572081632,2.6460998244293954,0.95,0.939,0.923,0.99
Berlin,female,2,6,37180,218.77587572081632,2.6460998244293954,0.95,0.939,0.923,0.99
Berlin,female,2,7,44550,218.77587572081632,2.6460998244293954,0.95,0.939,0.923,0.99
Berlin,female,2,8,36510,218.77587572081632,2.6460998244293954,0.95,0.939,0.923,0.99
Berlin,female,4,1,4320,218.77587572081632,2.6460998244293954,0.95,0.939,0.923,0.99
Berlin,female,4,2,131910,218.77587572081632,2.6460998244293954,0.95,0.939,0.923,0.99
Berlin,female,4,3,88320,218.77587572081632,2.6460998244293954,0.95,0.939,0.923,0.99
Berlin,female,4,4,107870,218.77587572081632,2.6460998244293954,0.95,0.939,0.923,0.99
Berlin,female,4,5,93180,218.77587572081632,2.6460998244293954,0.95,0.939,0.923,0.99
Berlin,female,4,6,93300,218.77587572081632,2.6460998244293954,0.95,0.939,0.923,0.99
Berlin,female,4,7,84630,218.77587572081632,2.6460998244293954,0.95,0.939,0.923,0.99
Berlin,female,4,8,44860,218.77587572081632,2.6460998244293954,0.95,0.939,0.923,0.99
Berlin,female,5,1,60,218.77587572081632,2.6460998244293954,0.95,0.939,0.923,0.99
Berlin,female,5,2,67620,218.77587572081632,2.6460998244293954,0.95,0.939,0.923,0.99
Berlin,female,5,3,106630,218.77587572081632,2.6460998244293954,0.95,0.939,0.923,0.99
Berlin,female,5,4,112080,218.77587572081632,2.6460998244293954,0.95,0.939,0.923,0.99
Berlin,female,5,5,89360,218.77587572081632,2.6460998244293954,0.95,0.939,0.923,0.99
Berlin,female,5,6,63190,218.77587572081632,2.6460998244293954,0.95,0.939,0.923,0.99
Berlin,female,5,7,41140,218.77587572081632,2.6460998244293954,0.95,0.939,0.923,0.99
Berlin,female,5,8,15480,218.77587572081632,2.6460998244293954,0.95,0.939,0.923,0.99
Berlin,male,2,1,60050,218.77587572081632,2.6460998244293954,0.95,0.939,0.923,0.99
Berlin,male,2,2,53180,218.77587572081632,2.6460998244293954,0.95,0.939,0.923,0.99
Berlin,male,2,3,36850,218.77587572081632,2.6460998244293954,0.95,0.939,0.923,0.99
Berlin,male,2,4,42490,218.77587572081632,2.6460998244293954,0.95,0.939,0.923,0.99
Berlin,male,2,5,30020,218.77587572081632,2.6460998244293954,0.95,0.939,0.923,0.99
Berlin,male,2,6,22300,218.77587572081632,2.6460998244293954,0.95,0.939,0.923,0.99
Berlin,male,2,7,19910,218.77587572081632,2.6460998244293954,0.95,0.939,0.923,0.99
Berlin,male,2,8,6240,218.77587572081632,2.6460998244293954,0.95,0.939,0.923,0.99
Berlin,male,4,1,3850,218.77587572081632,2.6460998244293954,0.95,0.939,0.923,0.99
Berlin,male,4,2,133300,218.77587572081632,2.6460998244293954,0.95,0.939,0.923,0.99
Berlin,male,4,3,101580,218.77587572081632,2.6460998244293954,0.95,0.939,0.923,0.99
Berlin,male,4,4,131360,218.77587572081632,2.6460998244293954,0.95,0.939,0.923,0.99
Berlin,male,4,5,101930,218.77587572081632,2.6460998244293954,0.95,0.939,0.923,0.99
Berlin,male,4,6,80680,218.77587572081632,2.6460998244293954,0.95,0.939,0.923,0.99
Berlin,male,4,7,61880,218.77587572081632,2.6460998244293954,0.95,0.939,0.923,0.99
Berlin,male,4,8,17140,218.77587572081632,2.6460998244293954,0.95,0.939,0.923,0.99
Berlin,male,5,2,43860,218.77587572081632,2.6460998244293954,0.95,0.939,0.923,0.99
Berlin,male,5,3,92290,218.77587572081632,2.6460998244293954,0.95,0.939,0.923,0.99
Berlin,male,5,4,101030,218.77587572081632,2.6460998244293954,0.95,0.939,0.923,0.99
Berlin,male,5,5,83830,218.77587572081632,2.6460998244293954,0.95,0.939,0.923,0.99
Berlin,male,5,6,74560,218.77587572081632,2.6460998244293954,0.95,0.939,0.923,0.99
Berlin,male,5,7,55550,218.77587572081632,2.6460998244293954,0.95,0.939,0.923,0.99
Berlin,male,5,8,17510,218.77587572081632,2.6460998244293954,0.95,0.939,0.923,0.99
Brandenburg,female,2,1,34640,135.67327264396076,4.988262910798122,0.914,0.936,0.879,0.927
Brandenburg,female,2,2,17950,135.67327264396076,4.988262910798122,0.914,0.936,0.879,0.927
Brandenburg,female,2,3,9810,135.67327264396076,4.988262910798122,0.914,0.936,0.879,0.927
Brandenburg,female,2,4,10930,135.67327264396076,4.988262910798122,0.914,0.936,0.879,0.927
Brandenburg,female,2,5,14280,135.67327264396076,4.988262910798122,0.914,0.936,0.879,0.927
Brandenburg,female,2,6,17580,135.67327264396076,4.988262910798122,0.914,0.936,0.879,0.927
Brandenburg,female,2,7,46320,135.67327264396076,4.988262910798122,0.914,0.936,0.879,0.927
Brandenburg,female,2,8,40130,135.67327264396076,4.988262910798122,0.914,0.936,0.879,0.927
Brandenburg,female,4,1,3570,135.67327264396076,4.988262910798122,0.914,0.936,0.879,0.927
Brandenburg,female,4,2,87040,135.67327264396076,4.988262910798122,0.914,0.936,0.879,0.927
Brandenburg,female,4,3,76830,135.67327264396076,4.988262910798122,0.914,0.936,0.879,0.927
Brandenburg,female,4,4,119700,135.67327264396076,4.988262910798122,0.914,0.936,0.879,0.927
Brandenburg,female,4,5,115240,135.67327264396076,4.988262910798122,0.914,0.936,0.879,0.927
Brandenburg,female,4,6,80000,135.67327264396076,4.988262910798122,0.914,0.936,0.879,0.927
Brandenburg,female,4,7,79840,135.67327264396076,4.988262910798122,0.914,0.936,0.879,0.927
Brandenburg,female,4,8,34570,135.67327264396076,4.988262910798122,0.914,0.936,0.879,0.927
Brandenburg,female,5,1,100,135.67327264396076,4.988262910798122,0.914,0.936,0.879,0.927
Brandenburg,female,5,2,23380,135.67327264396076,4.988262910798122,0.914,0.936,0.879,0.927
Brandenburg,female,5,3,42010,135.67327264396076,4.988262910798122,0.914,0.936,0.879,0.927
Brandenburg,female,5,4,78360,135.67327264396076,4.988262910798122,0.914,0.936,0.879,0.927
Brandenburg,female,5,5,78220,135.67327264396076,4.988262910798122,0.914,0.936,0.879,0.927
Brandenburg,female,5,6,50020,135.67327264396076,4.988262910798122,0.914,0.936,0.879,0.927
Brandenburg,female,5,7,33040,135.67327264396076,4.988262910798122,0.914,0.936,0.879,0.927
Brandenburg,female,5,8,8360,135.67327264396076,4.988262910798122,0.914,0.936,0.879,0.927
Brandenburg,male,2,1,37810,135.67327264396076,4.988262910798122,0.914,0.936,0.879,0.927
Brandenburg,male,2,2,25680,135.67327264396076,4.988262910798122,0.914,0.936,0.879,0.927
Brandenburg,male,2,3,11990,135.67327264396076,4.988262910798122,0.914,0.936,0.879,0.927
Brandenburg,male,2,4,12780,135.67327264396076,4.988262910798122,0.914,0.936,0.879,0.927
Brandenburg,male,2,5,12680,135.67327264396076,4.988262910798122,0.914,0.936,0.879,0.927
Brandenburg,male,2,6,8330,135.67327264396076,4.988262910798122,0.914,0.936,0.879,0.927
Brandenburg,male,2,7,15260,135.67327264396076,4.988262910798122,0.914,0.936,0.879,0.927
Brandenburg,male,2,8,6250,135.67327264396076,4.988262910798122,0.914,0.936,0.879,0.927
Brandenburg,male,4,1,2910,135.67327264396076,4.988262910798122,0.914,0.936,0.879,0.927
Brandenburg,male,4,2,105400,135.67327264396076,4.988262910798122,0.914,0.936,0.879,0.927
Brandenburg,male,4,3,89920,135.67327264396076,4.988262910798122,0.914,0.936,0.879,0.927
Brandenburg,male,4,4,140260,135.67327264396076,4.988262910798122,0.914,0.936,0.879,0.927
Brandenburg,male,4,5,125420,135.67327264396076,4.988262910798122,0.914,0.936,0.879,0.927
Brandenburg,male,4,6,66860,135.67327264396076,4.988262910798122,0.914,0.936,0.879,0.927
Brandenburg,male,4,7,61460,135.67327264396076,4.988262910798122,0.914,0.936,0.879,0.927
Brandenburg,male,4,8,16910,135.67327264396076,4.988262910798122,0.914,0.936,0.879,0.927
Brandenburg,male,5,1,30,135.67327264396076,4.988262910798122,0.914,0.936,0.879,0.927
Brandenburg,male,5,2,13300,135.67327264396076,4.988262910798122,0.914,0.936,0.879,0.927
Brandenburg,male,5,3,33470,135.67327264396076,4.988262910798122,0.914,0.936,0.879,0.927
Brandenburg,male,5,4,61170,135.67327264396076,4.988262910798122,0.914,0.936,0.879,0.927
Brandenburg,male,5,5,72050,135.67327264396076,4.988262910798122,0.914,0.936,0.879,0.927
Brandenburg,male,5,6,62680,135.67327264396076,4.988262910798122,0.914,0.936,0.879,0.927
Brandenburg,male,5,7,52130,135.67327264396076,4.988262910798122,0.914,0.936,0.879,0.927
Brandenburg,male,5,8,14750,135.67327264396076,4.988262910798122,0.914,0.936,0.879,0.927
Bremen,female,2,1,13320,242.46470645079108,2.9589371980676327,0.951,0.926,0.964,0.965
Bremen,female,2,2,9920,242.46470645079108,2.9589371980676327,0.951,0.926,0.964,0.965
Bremen,female,2,3,7840,242.46470645079108,2.9589371980676327,0.951,0.926,0.964,0.965
Bremen,female,2,4,10270,242.46470645079108,2.9589371980676327,0.951,0.926,0.964,0.965
Bremen,female,2,5,10930,242.46470645079108,2.9589371980676327,0.951,0.926,0.964,0.965
Bremen,female,2,6,11160,242.46470645079108,2.9589371980676327,0.951,0.926,0.964,0.965
Bremen,female,2,7,16830,242.46470645079108,2.9589371980676327,0.951,0.926,0.964,0.965
Bremen,female,2,8,12500,242.46470645079108,2.9589371980676327,0.951,0.926,0.964,0.965
Bremen,female,4,1,1040,242.46470645079108,2.9589371980676327,0.951,0.926,0.964,0.965
Bremen,female,4,2,24870,242.46470645079108,2.9589371980676327,0.951,0.926,0.964,0.965
Bremen,female,4,3,17740,242.46470645079108,2.9589371980676327,0.951,0.926,0.964,0.965
Bremen,female,4,4,25220,242.46470645079108,2.9589371980676327,0.951,0.926,0.964,0.965
Bremen,female,4,5,21030,242.46470645079108,2.9589371980676327,0.951,0.926,0.964,0.965
Bremen,female,4,6,19330,242.46470645079108,2.9589371980676327,0.951,0.926,0.964,0.965
Bremen,female,4,7,17440,242.46470645079108,2.9589371980676327,0.951,0.926,0.964,0.965
Bremen,female,4,8,8570,242.46470645079108,2.9589371980676327,0.951,0.926,0.964,0.965
Bremen,female,5,1,100,242.46470645079108,2.9589371980676327,0.951,0.926,0.964,0.965
Bremen,female,5,2,10290,242.46470645079108,2.9589371980676327,0.951,0.926,0.964,0.965
Bremen,female,5,3,13420,242.46470645079108,2.9589371980676327,0.951,0.926,0.964,0.965
Bremen,female,5,4,14470,242.46470645079108,2.9589371980676327,0.951,0.926,0.964,0.965
Bremen,female,5,5,12780,242.46470645079108,2.9589371980676327,0.951,0.926,0.964,0.965
Bremen,female,5,6,7950,242.46470645079108,2.9589371980676327,0.951,0.926,0.964,0.965
Bremen,female,5,7,4020,242.46470645079108,2.9589371980676327,0.951,0.926,0.964,0.965
Bremen,female,5,8,2570,242.46470645079108,2.9589371980676327,0.951,0.926,0.964,0.965
Bremen,male,2,1,14090,242.46470645079108,2.9589371980676327,0.951,0.926,0.964,0.965
Bremen,male,2,2,11530,242.46470645079108,2.9589371980676327,0.951,0.926,0.964,0.965
Bremen,male,2,3,7930,242.46470645079108,2.9589371980676327,0.951,0.926,0.964,0.965
Bremen,male,2,4,8570,242.46470645079108,2.9589371980676327,0.951,0.926,0.964,0.965
Bremen,male,2,5,6250,242.46470645079108,2.9589371980676327,0.951,0.926,0.964,0.965
Bremen,male,2,6,5590,242.46470645079108,2.9589371980676327,0.951,0.926,0.964,0.965
Bremen,male,2,7,4990,242.46470645079108,2.9589371980676327,0.951,0.926,0.964,0.965
Bremen,male,2,8,1790,242.46470645079108,2.9589371980676327,0.951,0.926,0.964,0.965
Bremen,male,4,1,720,242.46470645079108,2.9589371980676327,0.951,0.926,0.964,0.965
Bremen,male,4,2,26880,242.46470645079108,2.9589371980676327,0.951,0.926,0.964,0.965
Bremen,male,4,3,20540,242.46470645079108,2.9589371980676327,0.951,0.926,0.964,0.965
Bremen,male,4,4,26730,242.46470645079108,2.9589371980676327,0.951,0.926,0.964,0.965
Bremen,male,4,5,22070,242.46470645079108,2.9589371980676327,0.951,0.926,0.964,0.965
Bremen,male,4,6,18000,242.46470645079108,2.9589371980676327,0.951,0.926,0.964,0.965
Bremen,male,4,7,17780,242.46470645079108,2.9589371980676327,0.951,0.926,0.964,0.965
Bremen,male,4,8,5840,242.46470645079108,2.9589371980676327,0.951,0.926,0.964,0.965
Bremen,male,5,1,60,242.46470645079108,2.9589371980676327,0.951,0.926,0.964,0.965
Bremen,male,5,2,7790,242.46470645079108,2.9589371980676327,0.951,0.926,0.964,0.965
Bremen,male,5,3,12610,242.46470645079108,2.9589371980676327,0.951,0.926,0.964,0.965
Bremen,male,5,4,15660,242.46470645079108,2.9589371980676327,0.951,0.926,0.964,0.965
Bremen,male,5,5,13940,242.46470645079108,2.9589371980676327,0.951,0.926,0.964,0.965
Bremen,male,5,6,12000,242.46470645079108,2.9589371980676327,0.951,0.926,0.964,0.965
Bremen,male,5,7,6460,242.46470645079108,2.9589371980676327,0.951,0.926,0.964,0.965
Bremen,male,5,8,3230,242.46470645079108,2.9589371980676327,0.951,0.926,0.964,0.965
Hamburg,female,2,1,31160,281.01558838114056,5.005798221878624,0.975,0.943,1,0.983
Hamburg,female,2,2,20070,281.01558838114056,5.005798221878624,0.975,0.943,1,0.983
Hamburg,female,2,3,18050,281.01558838114056,5.005798221878624,0.975,0.943,1,0.983
Hamburg,female,2,4,22220,281.01558838114056,5.005798221878624,0.975,0.943,1,0.983
Hamburg,female,2,5,20000,281.01558838114056,5.005798221878624,0.975,0.943,1,0.983
Hamburg,female,2,6,21080,281.01558838114056,5.005798221878624,0.975,0.943,1,0.983
Hamburg,female,2,7,28890,281.01558838114056,5.005798221878624,0.975,0.943,1,0.983
Hamburg,female,2,8,24410,281.01558838114056,5.005798221878624,0.975,0.943,1,0.983
Hamburg,female,4,1,4480,281.01558838114056,5.005798221878624,0.975,0.943,1,0.983
Hamburg,female,4,2,73180,281.01558838114056,5.005798221878624,0.975,0.943,1,0.983
Hamburg,female,4,3,49860,281.01558838114056,5.005798221878624,0.975,0.943,1,0.983
Hamburg,female,4,4,61320,281.01558838114056,5.005798221878624,0.975,0.943,1,0.983
Hamburg,female,4,5,49670,281.01558838114056,5.005798221878624,0.975,0.943,1,0.983
Hamburg,female,4,6,48990,281.01558838114056,5.005798221878624,0.975,0.943,1,0.983
Hamburg,female,4,7,46070,281.01558838114056,5.005798221878624,0.975,0.943,1,0.983
Hamburg,female,4,8,24740,281.01558838114056,5.005798221878624,0.975,0.943,1,0.983
Hamburg,female,5,1,190,281.01558838114056,5.005798221878624,0.975,0.943,1,0.983
Hamburg,female,5,2,35110,281.01558838114056,5.005798221878624,0.975,0.943,1,0.983
Hamburg,female,5,3,58290,281.01558838114056,5.005798221878624,0.975,0.943,1,0.983
Hamburg,female,5,4,52700,281.01558838114056,5.005798221878624,0.975,0.943,1,0.983
Hamburg,female,5,5,37400,281.01558838114056,5.005798221878624,0.975,0.943,1,0.983
Hamburg,female,5,6,21320,281.01558838114056,5.005798221878624,0.975,0.943,1,0.983
Hamburg,female,5,7,12460,281.01558838114056,5.005798221878624,0.975,0.943,1,0.983
Hamburg,female,5,8,6190,281.01558838114056,5.005798221878624,0.975,0.943,1,0.983
Hamburg,male,2,1,34430,281.01558838114056,5.005798221878624,0.975,0.943,1,0.983
Hamburg,male,2,2,22540,281.01558838114056,5.005798221878624,0.975,0.943,1,0.983
Hamburg,male,2,3,19760,281.01558838114056,5.005798221878624,0.975,0.943,1,0.983
Hamburg,male,2,4,19940,281.01558838114056,5.005798221878624,0.975,0.943,1,0.983
Hamburg,male,2,5,16840,281.01558838114056,5.005798221878624,0.975,0.943,1,0.983
Hamburg,male,2,6,12770,281.01558838114056,5.005798221878624,0.975,0.943,1,0.983
Hamburg,male,2,7,10780,281.01558838114056,5.005798221878624,0.975,0.943,1,0.983
Hamburg,male,2,8,4080,281.01558838114056,5.005798221878624,0.975,0.943,1,0.983
Hamburg,male,4,1,3590,281.01558838114056,5.005798221878624,0.975,0.943,1,0.983
Hamburg,male,4,2,66970,281.01558838114056,5.005798221878624,0.975,0.943,1,0.983
Hamburg,male,4,3,58470,281.01558838114056,5.005798221878624,0.975,0.943,1,0.983
Hamburg,male,4,4,67570,281.01558838114056,5.005798221878624,0.975,0.943,1,0.983
Hamburg,male,4,5,46820,281.01558838114056,5.005798221878624,0.975,0.943,1,0.983
Hamburg,male,4,6,43490,281.01558838114056,5.005798221878624,0.975,0.943,1,0.983
Hamburg,male,4,7,38290,281.01558838114056,5.005798221878624,0.975,0.943,1,0.983
Hamburg,male,4,8,14450,281.01558838114056,5.005798221878624,0.975,0.943,1,0.983
Hamburg,male,5,1,20,281.01558838114056,5.005798221878624,0.975,0.943,1,0.983
Hamburg,male,5,2,22040,281.01558838114056,5.005798221878624,0.975,0.943,1,0.983
Hamburg,male,5,3,51740,281.01558838114056,5.005798221878624,0.975,0.943,1,0.983
Hamburg,male,5,4,54830,281.01558838114056,5.005798221878624,0.975,0.943,1,0.983
Hamburg,male,5,5,37720,281.01558838114056,5.005798221878624,0.975,0.943,1,0.983
Hamburg,male,5,6,29120,281.01558838114056,5.005798221878624,0.975,0.943,1,0.983
Hamburg,male,5,7,19410,281.01558838114056,5.005798221878624,0.975,0.943,1,0.983
Hamburg,male,5,8,6880,281.01558838114056,5.005798221878624,0.975,0.943,1,0.983
Hessen,female,2,1,138310,169.37956455423395,4.720625647790445,0.949,0.949,0.95,0.947
Hessen,female,2,2,63330,169.37956455423395,4.720625647790445,0.949,0.949,0.95,0.947
Hessen,female,2,3,61360,169.37956455423395,4.720625647790445,0.949,0.949,0.95,0.947
Hessen,female,2,4,83860,169.37956455423395,4.720625647790445,0.949,0.949,0.95,0.947
Hessen,female,2,5,92340,169.37956455423395,4.720625647790445,0.949,0.949,0.95,0.947
Hessen,female,2,6,99320,169.37956455423395,4.720625647790445,0.949,0.949,0.95,0.947
Hessen,female,2,7,145160,169.37956455423395,4.720625647790445,0.949,0.949,0.95,0.947
Hessen,female,2,8,117280,169.37956455423395,4.720625647790445,0.949,0.949,0.95,0.947
Hessen,female,4,1,12980,169.37956455423395,4.720625647790445,0.949,0.949,0.95,0.947
Hessen,female,4,2,207650,169.37956455423395,4.720625647790445,0.949,0.949,0.95,0.947
Hessen,female,4,3,177740,169.37956455423395,4.720625647790445,0.949,0.949,0.95,0.947
Hessen,female,4,4,264510,169.37956455423395,4.720625647790445,0.949,0.949,0.95,0.947
Hessen,female,4,5,222510,169.37956455423395,4.720625647790445,0.949,0.949,0.95,0.947
Hessen,female,4,6,179340,169.37956455423395,4.720625647790445,0.949,0.949,0.95,0.947
Hessen,female,4,7,133070,169.37956455423395,4.720625647790445,0.949,0.949,0.95,0.947
Hessen,female,4,8,72340,169.37956455423395,4.720625647790445,0.949,0.949,0.95,0.947
Hessen,female,5,1,540,169.37956455423395,4.720625647790445,0.949,0.949,0.95,0.947
Hessen,female,5,2,79800,169.37956455423395,4.720625647790445,0.949,0.949,0.95,0.947
Hessen,female,5,3,133130,169.37956455423395,4.720625647790445,0.949,0.949,0.95,0.947
Hessen,female,5,4,150080,169.37956455423395,4.720625647790445,0.949,0.949,0.95,0.947
Hessen,female,5,5,108730,169.37956455423395,4.720625647790445,0.949,0.949,0.95,0.947
Hessen,female,5,6,58210,169.37956455423395,4.720625647790445,0.949,0.949,0.95,0.947
Hessen,female,5,7,30320,169.37956455423395,4.720625647790445,0.949,0.949,0.95,0.947
Hessen,female,5,8,15540,169.37956455423395,4.720625647790445,0.949,0.949,0.95,0.947
Hessen,male,2,1,143130,169.37956455423395,4.720625647790445,0.949,0.949,0.95,0.947
Hessen,male,2,2,74290,169.37956455423395,4.720625647790445,0.949,0.949,0.95,0.947
Hessen,male,2,3,53510,169.37956455423395,4.720625647790445,0.949,0.949,0.95,0.947
Hessen,male,2,4,67590,169.37956455423395,4.720625647790445,0.949,0.949,0.95,0.947
Hessen,male,2,5,53720,169.37956455423395,4.720625647790445,0.949,0.949,0.95,0.947
Hessen,male,2,6,45390,169.37956455423395,4.720625647790445,0.949,0.949,0.95,0.947
Hessen,male,2,7,41780,169.37956455423395,4.720625647790445,0.949,0.949,0.95,0.947
Hessen,male,2,8,20980,169.37956455423395,4.720625647790445,0.949,0.949,0.95,0.947
Hessen,male,4,1,12340,169.37956455423395,4.720625647790445,0.949,0.949,0.95,0.947
Hessen,male,4,2,217340,169.37956455423395,4.720625647790445,0.949,0.949,0.95,0.947
Hessen,male,4,3,173450,169.37956455423395,4.720625647790445,0.949,0.949,0.95,0.947
Hessen,male,4,4,249530,169.37956455423395,4.720625647790445,0.949,0.949,0.95,0.947
Hessen,male,4,5,212920,169.37956455423395,4.720625647790445,0.949,0.949,0.95,0.947
Hessen,male,4,6,166870,169.37956455423395,4.720625647790445,0.949,0.949,0.95,0.947
Hessen,male,4,7,147690,169.37956455423395,4.720625647790445,0.949,0.949,0.95,0.947
Hessen,male,4,8,57830,169.37956455423395,4.720625647790445,0.949,0.949,0.95,0.947
Hessen,male,5,1,30,169.37956455423395,4.720625647790445,0.949,0.949,0.95,0.947
Hessen,male,5,2,59120,169.37956455423395,4.720625647790445,0.949,0.949,0.95,0.947
Hessen,male,5,3,132610,169.37956455423395,4.720625647790445,0.949,0.949,0.95,0.947
Hessen,male,5,4,190770,169.37956455423395,4.720625647790445,0.949,0.949,0.95,0.947
Hessen,male,5,5,149750,169.37956455423395,4.720625647790445,0.949,0.949,0.95,0.947
Hessen,male,5,6,108460,169.37956455423395,4.720625647790445,0.949,0.949,0.95,0.947
Hessen,male,5,7,71640,169.37956455423395,4.720625647790445,0.949,0.949,0.95,0.947
Hessen,male,5,8,25790,169.37956455423395,4.720625647790445,0.949,0.949,0.95,0.947
Mecklenburg-Vorpommern,female,2,1,22410,49.32672744498113,2.5188916876574305,0.91,0.926,0.869,0.936
Mecklenburg-Vorpommern,female,2,2,14020,49.32672744498113,2.5188916876574305,0.91,0.926,0.869,0.936
Mecklenburg-Vorpommern,female,2,3,5770,49.32672744498113,2.5188916876574305,0.91,0.926,0.869,0.936
Mecklenburg-Vorpommern,female,2,4,7130,49.32672744498113,2.5188916876574305,0.91,0.926,0.869,0.936
Mecklenburg-Vorpommern,female,2,5,10470,49.32672744498113,2.5188916876574305,0.91,0.926,0.869,0.936
Mecklenburg-Vorpommern,female,2,6,11300,49.32672744498113,2.5188916876574305,0.91,0.926,0.869,0.936
Mecklenburg-Vorpommern,female,2,7,32360,49.32672744498113,2.5188916876574305,0.91,0.926,0.869,0.936
Mecklenburg-Vorpommern,female,2,8,24090,49.32672744498113,2.5188916876574305,0.91,0.926,0.869,0.936
Mecklenburg-Vorpommern,female,4,1,2490,49.32672744498113,2.5188916876574305,0.91,0.926,0.869,0.936
Mecklenburg-Vorpommern,female,4,2,65500,49.32672744498113,2.5188916876574305,0.91,0.926,0.869,0.936
Mecklenburg-Vorpommern,female,4,3,51190,49.32672744498113,2.5188916876574305,0.91,0.926,0.869,0.936
Mecklenburg-Vorpommern,female,4,4,75470,49.32672744498113,2.5188916876574305,0.91,0.926,0.869,0.936
Mecklenburg-Vorpommern,female,4,5,78450,49.32672744498113,2.5188916876574305,0.91,0.926,0.869,0.936
Mecklenburg-Vorpommern,female,4,6,49910,49.32672744498113,2.5188916876574305,0.91,0.926,0.869,0.936
Mecklenburg-Vorpommern,female,4,7,49120,49.32672744498113,2.5188916876574305,0.91,0.926,0.869,0.936
Mecklenburg-Vorpommern,female,4,8,18190,49.32672744498113,2.5188916876574305,0.91,0.926,0.869,0.936
Mecklenburg-Vorpommern,female,5,1,210,49.32672744498113,2.5188916876574305,0.91,0.926,0.869,0.936
Mecklenburg-Vorpommern,female,5,2,16190,49.32672744498113,2.5188916876574305,0.91,0.926,0.869,0.936
Mecklenburg-Vorpommern,female,5,3,23650,49.32672744498113,2.5188916876574305,0.91,0.926,0.869,0.936
Mecklenburg-Vorpommern,female,5,4,44240,49.32672744498113,2.5188916876574305,0.91,0.926,0.869,0.936
Mecklenburg-Vorpommern,female,5,5,49520,49.32672744498113,2.5188916876574305,0.91,0.926,0.869,0.936
Mecklenburg-Vorpommern,female,5,6,32640,49.32672744498113,2.5188916876574305,0.91,0.926,0.869,0.936
Mecklenburg-Vorpommern,female,5,7,23230,49.32672744498113,2.5188916876574305,0.91,0.926,0.869,0.936
Mecklenburg-Vorpommern,female,5,8,5150,49.32672744498113,2.5188916876574305,0.91,0.926,0.869,0.936
Mecklenburg-Vorpommern,male,2,1,24490,49.32672744498113,2.5188916876574305,0.91,0.926,0.869,0.936
Mecklenburg-Vorpommern,male,2,2,19240,49.32672744498113,2.5188916876574305,0.91,0.926,0.869,0.936
Mecklenburg-Vorpommern,male,2,3,8130,49.32672744498113,2.5188916876574305,0.91,0.926,0.869,0.936
Mecklenburg-Vorpommern,male,2,4,7330,49.32672744498113,2.5188916876574305,0.91,0.926,0.869,0.936
Mecklenburg-Vorpommern,male,2,5,9410,49.32672744498113,2.5188916876574305,0.91,0.926,0.869,0.936
Mecklenburg-Vorpommern,male,2,6,6280,49.32672744498113,2.5188916876574305,0.91,0.926,0.869,0.936
Mecklenburg-Vorpommern,male,2,7,10630,49.32672744498113,2.5188916876574305,0.91,0.926,0.869,0.936
Mecklenburg-Vorpommern,male,2,8,4090,49.32672744498113,2.5188916876574305,0.91,0.926,0.869,0.936
Mecklenburg-Vorpommern,male,4,1,2260,49.32672744498113,2.5188916876574305,0.91,0.926,0.869,0.936
Mecklenburg-Vorpommern,male,4,2,78400,49.32672744498113,2.5188916876574305,0.91,0.926,0.869,0.936
Mecklenburg-Vorpommern,male,4,3,64250,49.32672744498113,2.5188916876574305,0.91,0.926,0.869,0.936
Mecklenburg-Vorpommern,male,4,4,90870,49.32672744498113,2.5188916876574305,0.91,0.926,0.869,0.936
Mecklenburg-Vorpommern,male,4,5,88320,49.32672744498113,2.5188916876574305,0.91,0.926,0.869,0.936
Mecklenburg-Vorpommern,male,4,6,43840,49.32672744498113,2.5188916876574305,0.91,0.926,0.869,0.936
Mecklenburg-Vorpommern,male,4,7,36480,49.32672744498113,2.5188916876574305,0.91,0.926,0.869,0.936
Mecklenburg-Vorpommern,male,4,8,10080,49.32672744498113,2.5188916876574305,0.91,0.926,0.869,0.936
Mecklenburg-Vorpommern,male,5,1,30,49.32672744498113,2.5188916876574305,0.91,0.926,0.869,0.936
Mecklenburg-Vorpommern,male,5,2,9800,49.32672744498113,2.5188916876574305,0.91,0.926,0.869,0.936
Mecklenburg-Vorpommern,male,5,3,19470,49.32672744498113,2.5188916876574305,0.91,0.926,0.869,0.936
Mecklenburg-Vorpommern,male,5,4,33480,49.32672744498113,2.5188916876574305,0.91,0.926,0.869,0.936
Mecklenburg-Vorpommern,male,5,5,41660,49.32672744498113,2.5188916876574305,0.91,0.926,0.869,0.936
Mecklenburg-Vorpommern,male,5,6,37250,49.32672744498113,2.5188916876574305,0.91,0.926,0.869,0.936
Mecklenburg-Vorpommern,male,5,7,33860,49.32672744498113,2.5188916876574305,0.91,0.926,0.869,0.936
Mecklenburg-Vorpommern,male,5,8,9050,49.32672744498113,2.5188916876574305,0.91,0.926,0.869,0.936
Niedersachsen,female,2,1,198490,166.76588435026449,4.679987980769231,0.922,0.933,0.908,0.925
Niedersachsen,female,2,2,92370,166.76588435026449,4.679987980769231,0.922,0.933,0.908,0.925
Niedersachsen,female,2,3,69520,166.76588435026449,4.679987980769231,0.922,0.933,0.908,0.925
Niedersachsen,female,2,4,104720,166.76588435026449,4.679987980769231,0.922,0.933,0.908,0.925
Niedersachsen,female,2,5,112450,166.76588435026449,4.679987980769231,0.922,0.933,0.908,0.925
Niedersachsen,female,2,6,125700,166.76588435026449,4.679987980769231,0.922,0.933,0.908,0.925
Niedersachsen,female,2,7,215110,166.76588435026449,4.679987980769231,0.922,0.933,0.908,0.925
Niedersachsen,female,2,8,163040,166.76588435026449,4.679987980769231,0.922,0.933,0.908,0.925
Niedersachsen,female,4,1,14390,166.76588435026449,4.679987980769231,0.922,0.933,0.908,0.925
Niedersachsen,female,4,2,247230,166.76588435026449,4.679987980769231,0.922,0.933,0.908,0.925
Niedersachsen,female,4,3,236470,166.76588435026449,4.679987980769231,0.922,0.933,0.908,0.925
Niedersachsen,female,4,4,379410,166.76588435026449,4.679987980769231,0.922,0.933,0.908,0.925
Niedersachsen,female,4,5,305180,166.76588435026449,4.679987980769231,0.922,0.933,0.908,0.925
Niedersachsen,female,4,6,244370,166.76588435026449,4.679987980769231,0.922,0.933,0.908,0.925
Niedersachsen,female,4,7,179080,166.76588435026449,4.679987980769231,0.922,0.933,0.908,0.925
Niedersachsen,female,4,8,92960,166.76588435026449,4.679987980769231,0.922,0.933,0.908,0.925
Niedersachsen,female,5,1,670,166.76588435026449,4.679987980769231,0.922,0.933,0.908,0.925
Niedersachsen,female,5,2,84280,166.76588435026449,4.679987980769231,0.922,0.933,0.908,0.925
Niedersachsen,female,5,3,130990,166.76588435026449,4.679987980769231,0.922,0.933,0.908,0.925
Niedersachsen,female,5,4,165100,166.76588435026449,4.679987980769231,0.922,0.933,0.908,0.925
Niedersachsen,female,5,5,131790,166.76588435026449,4.679987980769231,0.922,0.933,0.908,0.925
Niedersachsen,female,5,6,70750,166.76588435026449,4.679987980769231,0.922,0.933,0.908,0.925
Niedersachsen,female,5,7,36810,166.76588435026449,4.679987980769231,0.922,0.933,0.908,0.925
Niedersachsen,female,5,8,18460,166.76588435026449,4.679987980769231,0.922,0.933,0.908,0.925
Niedersachsen,male,2,1,209560,166.76588435026449,4.679987980769231,0.922,0.933,0.908,0.925
Niedersachsen,male,2,2,103000,166.76588435026449,4.679987980769231,0.922,0.933,0.908,0.925
Niedersachsen,male,2,3,58930,166.76588435026449,4.679987980769231,0.922,0.933,0.908,0.925
Niedersachsen,male,2,4,82930,166.76588435026449,4.679987980769231,0.922,0.933,0.908,0.925
Niedersachsen,male,2,5,72280,166.76588435026449,4.679987980769231,0.922,0.933,0.908,0.925
Niedersachsen,male,2,6,52570,166.76588435026449,4.679987980769231,0.922,0.933,0.908,0.925
Niedersachsen,male,2,7,69710,166.76588435026449,4.679987980769231,0.922,0.933,0.908,0.925
Niedersachsen,male,2,8,31920,166.76588435026449,4.679987980769231,0.922,0.933,0.908,0.925
Niedersachsen,male,4,1,13020,166.76588435026449,4.679987980769231,0.922,0.933,0.908,0.925
Niedersachsen,male,4,2,275340,166.76588435026449,4.679987980769231,0.922,0.933,0.908,0.925
Niedersachsen,male,4,3,242690,166.76588435026449,4.679987980769231,0.922,0.933,0.908,0.925
Niedersachsen,male,4,4,362750,166.76588435026449,4.679987980769231,0.922,0.933,0.908,0.925
Niedersachsen,male,4,5,304910,166.76588435026449,4.679987980769231,0.922,0.933,0.908,0.925
Niedersachsen,male,4,6,234680,166.76588435026449,4.679987980769231,0.922,0.933,0.908,0.925
Niedersachsen,male,4,7,201240,166.76588435026449,4.679987980769231,0.922,0.933,0.908,0.925
Niedersachsen,male,4,8,73900,166.76588435026449,4.679987980769231,0.922,0.933,0.908,0.925
Niedersachsen,male,5,1,60,166.76588435026449,4.679987980769231,0.922,0.933,0.908,0.925
Niedersachsen,male,5,2,56370,166.76588435026449,4.679987980769231,0.922,0.933,0.908,0.925
Niedersachsen,male,5,3,129800,166.76588435026449,4.679987980769231,0.922,0.933,0.908,0.925
Niedersachsen,male,5,4,209870,166.76588435026449,4.679987980769231,0.922,0.933,0.908,0.925
Niedersachsen,male,5,5,170570,166.76588435026449,4.679987980769231,0.922,0.933,0.908,0.925
Niedersachsen,male,5,6,137060,166.76588435026449,4.679987980769231,0.922,0.933,0.908,0.925
Niedersachsen,male,5,7,89490,166.76588435026449,4.679987980769231,0.922,0.933,0.908,0.925
Niedersachsen,male,5,8,28340,166.76588435026449,4.679987980769231,0.922,0.933,0.908,0.925
Nordrhein-Westfalen,female,2,1,429060,230.96417813517922,4.029648944903182,0.936,0.935,0.927,0.947
Nordrhein-Westfalen,female,2,2,217390,230.96417813517922,4.029648944903182,0.936,0.935,0.927,0.947
Nordrhein-Westfalen,female,2,3,196420,230.96417813517922,4.029648944903182,0.936,0.935,0.927,0.947
Nordrhein-Westfalen,female,2,4,257060,230.96417813517922,4.029648944903182,0.936,0.935,0.927,0.947
Nordrhein-Westfalen,female,2,5,261750,230.96417813517922,4.029648944903182,0.936,0.935,0.927,0.947
Nordrhein-Westfalen,female,2,6,259020,230.96417813517922,4.029648944903182,0.936,0.935,0.927,0.947
Nordrhein-Westfalen,female,2,7,414370,230.96417813517922,4.029648944903182,0.936,0.935,0.927,0.947
Nordrhein-Westfalen,female,2,8,327070,230.96417813517922,4.029648944903182,0.936,0.935,0.927,0.947
Nordrhein-Westfalen,female,4,1,34350,230.96417813517922,4.029648944903182,0.936,0.935,0.927,0.947
Nordrhein-Westfalen,female,4,2,591890,230.96417813517922,4.029648944903182,0.936,0.935,0.927,0.947
Nordrhein-Westfalen,female,4,3,510120,230.96417813517922,4.029648944903182,0.936,0.935,0.927,0.947
Nordrhein-Westfalen,female,4,4,813890,230.96417813517922,4.029648944903182,0.936,0.935,0.927,0.947
Nordrhein-Westfalen,female,4,5,702410,230.96417813517922,4.029648944903182,0.936,0.935,0.927,0.947
Nordrhein-Westfalen,female,4,6,560870,230.96417813517922,4.029648944903182,0.936,0.935,0.927,0.947
Nordrhein-Westfalen,female,4,7,474810,230.96417813517922,4.029648944903182,0.936,0.935,0.927,0.947
Nordrhein-Westfalen,female,4,8,246310,230.96417813517922,4.029648944903182,0.936,0.935,0.927,0.947
Nordrhein-Westfalen,female,5,1,1920,230.96417813517922,4.029648944903182,0.936,0.935,0.927,0.947
Nordrhein-Westfalen,female,5,2,214750,230.96417813517922,4.029648944903182,0.936,0.935,0.927,0.947
Nordrhein-Westfalen,female,5,3,323050,230.96417813517922,4.029648944903182,0.936,0.935,0.927,0.947
Nordrhein-Westfalen,female,5,4,384000,230.96417813517922,4.029648944903182,0.936,0.935,0.927,0.947
Nordrhein-Westfalen,female,5,5,300510,230.96417813517922,4.029648944903182,0.936,0.935,0.927,0.947
Nordrhein-Westfalen,female,5,6,151030,230.96417813517922,4.029648944903182,0.936,0.935,0.927,0.947
Nordrhein-Westfalen,female,5,7,81770,230.96417813517922,4.029648944903182,0.936,0.935,0.927,0.947
Nordrhein-Westfalen,female,5,8,44260,230.96417813517922,4.029648944903182,0.936,0.935,0.927,0.947
Nordrhein-Westfalen,male,2,1,457950,230.96417813517922,4.029648944903182,0.936,0.935,0.927,0.947
Nordrhein-Westfalen,male,2,2,243930,230.96417813517922,4.029648944903182,0.936,0.935,0.927,0.947
Nordrhein-Westfalen,male,2,3,166530,230.96417813517922,4.029648944903182,0.936,0.935,0.927,0.947
Nordrhein-Westfalen,male,2,4,206220,230.96417813517922,4.029648944903182,0.936,0.935,0.927,0.947
Nordrhein-Westfalen,male,2,5,178670,230.96417813517922,4.029648944903182,0.936,0.935,0.927,0.947
Nordrhein-Westfalen,male,2,6,139770,230.96417813517922,4.029648944903182,0.936,0.935,0.927,0.947
Nordrhein-Westfalen,male,2,7,145260,230.96417813517922,4.029648944903182,0.936,0.935,0.927,0.947
Nordrhein-Westfalen,male,2,8,59380,230.96417813517922,4.029648944903182,0.936,0.935,0.927,0.947
Nordrhein-Westfalen,male,4,1,30720,230.96417813517922,4.029648944903182,0.936,0.935,0.927,0.947
Nordrhein-Westfalen,male,4,2,648240,230.96417813517922,4.029648944903182,0.936,0.935,0.927,0.947
Nordrhein-Westfalen,male,4,3,531800,230.96417813517922,4.029648944903182,0.936,0.935,0.927,0.947
Nordrhein-Westfalen,male,4,4,778760,230.96417813517922,4.029648944903182,0.936,0.935,0.927,0.947
Nordrhein-Westfalen,male,4,5,664640,230.96417813517922,4.029648944903182,0.936,0.935,0.927,0.947
Nordrhein-Westfalen,male,4,6,482910,230.96417813517922,4.029648944903182,0.936,0.935,0.927,0.947
Nordrhein-Westfalen,male,4,7,443660,230.96417813517922,4.029648944903182,0.936,0.935,0.927,0.947
Nordrhein-Westfalen,male,4,8,169930,230.96417813517922,4.029648944903182,0.936,0.935,0.927,0.947
Nordrhein-Westfalen,male,5,1,450,230.96417813517922,4.029648944903182,0.936,0.935,0.927,0.947
Nordrhein-Westfalen,male,5,2,141430,230.96417813517922,4.029648944903182,0.936,0.935,0.927,0.947
Nordrhein-Westfalen,male,5,3,304470,230.96417813517922,4.029648944903182,0.936,0.935,0.927,0.947
Nordrhein-Westfalen,male,5,4,492090,230.96417813517922,4.029648944903182,0.936,0.935,0.927,0.947
Nordrhein-Westfalen,male,5,5,395190,230.96417813517922,4.029648944903182,0.936,0.935,0.927,0.947
Nordrhein-Westfalen,male,5,6,274070,230.96417813517922,4.029648944903182,0.936,0.935,0.927,0.947
Nordrhein-Westfalen,male,5,7,196410,230.96417813517922,4.029648944903182,0.936,0.935,0.927,0.947
Nordrhein-Westfalen,male,5,8,69200,230.96417813517922,4.029648944903182,0.936,0.935,0.927,0.947
Rheinland-Pfalz,female,2,1,92570,169.38223344636907,3.3964445729151613,0.928,0.942,0.913,0.929
Rheinland-Pfalz,female,2,2,42120,169.38223344636907,3.3964445729151613,0.928,0.942,0.913,0.929
Rheinland-Pfalz,female,2,3,36270,169.38223344636907,3.3964445729151613,0.928,0.942,0.913,0.929
Rheinland-Pfalz,female,2,4,53760,169.38223344636907,3.3964445729151613,0.928,0.942,0.913,0.929
Rheinland-Pfalz,female,2,5,64720,169.38223344636907,3.3964445729151613,0.928,0.942,0.913,0.929
Rheinland-Pfalz,female,2,6,70470,169.38223344636907,3.3964445729151613,0.928,0.942,0.913,0.929
Rheinland-Pfalz,female,2,7,121220,169.38223344636907,3.3964445729151613,0.928,0.942,0.913,0.929
Rheinland-Pfalz,female,2,8,90150,169.38223344636907,3.3964445729151613,0.928,0.942,0.913,0.929
Rheinland-Pfalz,female,4,1,14500,169.38223344636907,3.3964445729151613,0.928,0.942,0.913,0.929
Rheinland-Pfalz,female,4,2,144050,169.38223344636907,3.3964445729151613,0.928,0.942,0.913,0.929
Rheinland-Pfalz,female,4,3,118000,169.38223344636907,3.3964445729151613,0.928,0.942,0.913,0.929
Rheinland-Pfalz,female,4,4,192650,169.38223344636907,3.3964445729151613,0.928,0.942,0.913,0.929
Rheinland-Pfalz,female,4,5,167610,169.38223344636907,3.3964445729151613,0.928,0.942,0.913,0.929
Rheinland-Pfalz,female,4,6,116020,169.38223344636907,3.3964445729151613,0.928,0.942,0.913,0.929
Rheinland-Pfalz,female,4,7,81630,169.38223344636907,3.3964445729151613,0.928,0.942,0.913,0.929
Rheinland-Pfalz,female,4,8,44380,169.38223344636907,3.3964445729151613,0.928,0.942,0.913,0.929
Rheinland-Pfalz,female,5,1,300,169.38223344636907,3.3964445729151613,0.928,0.942,0.913,0.929
Rheinland-Pfalz,female,5,2,44680,169.38223344636907,3.3964445729151613,0.928,0.942,0.913,0.929
Rheinland-Pfalz,female,5,3,68040,169.38223344636907,3.3964445729151613,0.928,0.942,0.913,0.929
Rheinland-Pfalz,female,5,4,83420,169.38223344636907,3.3964445729151613,0.928,0.942,0.913,0.929
Rheinland-Pfalz,female,5,5,67680,169.38223344636907,3.3964445729151613,0.928,0.942,0.913,0.929
Rheinland-Pfalz,female,5,6,31650,169.38223344636907,3.3964445729151613,0.928,0.942,0.913,0.929
Rheinland-Pfalz,female,5,7,17090,169.38223344636907,3.3964445729151613,0.928,0.942,0.913,0.929
Rheinland-Pfalz,female,5,8,8360,169.38223344636907,3.3964445729151613,0.928,0.942,0.913,0.929
Rheinland-Pfalz,male,2,1,100050,169.38223344636907,3.3964445729151613,0.928,0.942,0.913,0.929
Rheinland-Pfalz,male,2,2,47400,169.38223344636907,3.3964445729151613,0.928,0.942,0.913,0.929
Rheinland-Pfalz,male,2,3,29750,169.38223344636907,3.3964445729151613,0.928,0.942,0.913,0.929
Rheinland-Pfalz,male,2,4,39400,169.38223344636907,3.3964445729151613,0.928,0.942,0.913,0.929
Rheinland-Pfalz,male,2,5,36770,169.38223344636907,3.3964445729151613,0.928,0.942,0.913,0.929
Rheinland-Pfalz,male,2,6,28120,169.38223344636907,3.3964445729151613,0.928,0.942,0.913,0.929
Rheinland-Pfalz,male,2,7,38290,169.38223344636907,3.3964445729151613,0.928,0.942,0.913,0.929
Rheinland-Pfalz,male,2,8,17310,169.38223344636907,3.3964445729151613,0.928,0.942,0.913,0.929
Rheinland-Pfalz,male,4,1,12670,169.38223344636907,3.3964445729151613,0.928,0.942,0.913,0.929
Rheinland-Pfalz,male,4,2,155030,169.38223344636907,3.3964445729151613,0.928,0.942,0.913,0.929
Rheinland-Pfalz,male,4,3,119020,169.38223344636907,3.3964445729151613,0.928,0.942,0.913,0.929
Rheinland-Pfalz,male,4,4,178890,169.38223344636907,3.3964445729151613,0.928,0.942,0.913,0.929
Rheinland-Pfalz,male,4,5,164220,169.38223344636907,3.3964445729151613,0.928,0.942,0.913,0.929
Rheinland-Pfalz,male,4,6,115060,169.38223344636907,3.3964445729151613,0.928,0.942,0.913,0.929
Rheinland-Pfalz,male,4,7,101140,169.38223344636907,3.3964445729151613,0.928,0.942,0.913,0.929
Rheinland-Pfalz,male,4,8,37490,169.38223344636907,3.3964445729151613,0.928,0.942,0.913,0.929
Rheinland-Pfalz,male,5,1,10,169.38223344636907,3.3964445729151613,0.928,0.942,0.913,0.929
Rheinland-Pfalz,male,5,2,32320,169.38223344636907,3.3964445729151613,0.928,0.942,0.913,0.929
Rheinland-Pfalz,male,5,3,68570,169.38223344636907,3.3964445729151613,0.928,0.942,0.913,0.929
Rheinland-Pfalz,male,5,4,116040,169.38223344636907,3.3964445729151613,0.928,0.942,0.913,0.929
Rheinland-Pfalz,male,5,5,98600,169.38223344636907,3.3964445729151613,0.928,0.942,0.913,0.929
Rheinland-Pfalz,male,5,6,67510,169.38223344636907,3.3964445729151613,0.928,0.942,0.913,0.929
Rheinland-Pfalz,male,5,7,44700,169.38223344636907,3.3964445729151613,0.928,0.942,0.913,0.929
Rheinland-Pfalz,male,5,8,15740,169.38223344636907,3.3964445729151613,0.928,0.942,0.913,0.929
Saarland,female,2,1,21510,280.46186354692384,6.155507559395248,0.931,0.928,0.917,0.948
Saarland,female,2,2,11870,280.46186354692384,6.155507559395248,0.931,0.928,0.917,0.948
Saarland,female,2,3,9050,280.46186354692384,6.155507559395248,0.931,0.928,0.917,0.948
Saarland,female,2,4,15950,280.46186354692384,6.155507559395248,0.931,0.928,0.917,0.948
Saarland,female,2,5,18980,280.46186354692384,6.155507559395248,0.931,0.928,0.917,0.948
Saarland,female,2,6,18680,280.46186354692384,6.155507559395248,0.931,0.928,0.917,0.948
Saarland,female,2,7,32200,280.46186354692384,6.155507559395248,0.931,0.928,0.917,0.948
Saarland,female,2,8,23770,280.46186354692384,6.155507559395248,0.931,0.928,0.917,0.948
Saarland,female,4,1,3260,280.46186354692384,6.155507559395248,0.931,0.928,0.917,0.948
Saarland,female,4,2,32070,280.46186354692384,6.155507559395248,0.931,0.928,0.917,0.948
Saarland,female,4,3,28420,280.46186354692384,6.155507559395248,0.931,0.928,0.917,0.948
Saarland,female,4,4,47200,280.46186354692384,6.155507559395248,0.931,0.928,0.917,0.948
Saarland,female,4,5,46120,280.46186354692384,6.155507559395248,0.931,0.928,0.917,0.948
Saarland,female,4,6,32390,280.46186354692384,6.155507559395248,0.931,0.928,0.917,0.948
Saarland,female,4,7,25580,280.46186354692384,6.155507559395248,0.931,0.928,0.917,0.948
Saarland,female,4,8,12670,280.46186354692384,6.155507559395248,0.931,0.928,0.917,0.948
Saarland,female,5,1,70,280.46186354692384,6.155507559395248,0.931,0.928,0.917,0.948
Saarland,female,5,2,10350,280.46186354692384,6.155507559395248,0.931,0.928,0.917,0.948
Saarland,female,5,3,15590,280.46186354692384,6.155507559395248,0.931,0.928,0.917,0.948
Saarland,female,5,4,18810,280.46186354692384,6.155507559395248,0.931,0.928,0.917,0.948
Saarland,female,5,5,15740,280.46186354692384,6.155507559395248,0.931,0.928,0.917,0.948
Saarland,female,5,6,7300,280.46186354692384,6.155507559395248,0.931,0.928,0.917,0.948
Saarland,female,5,7,4080,280.46186354692384,6.155507559395248,0.931,0.928,0.917,0.948
Saarland,female,5,8,2190,280.46186354692384,6.155507559395248,0.931,0.928,0.917,0.948
Saarland,male,2,1,23230,280.46186354692384,6.155507559395248,0.931,0.928,0.917,0.948
Saarland,male,2,2,12440,280.46186354692384,6.155507559395248,0.931,0.928,0.917,0.948
Saarland,male,2,3,7390,280.46186354692384,6.155507559395248,0.931,0.928,0.917,0.948
Saarland,male,2,4,9480,280.46186354692384,6.155507559395248,0.931,0.928,0.917,0.948
Saarland,male,2,5,10560,280.46186354692384,6.155507559395248,0.931,0.928,0.917,0.948
Saarland,male,2,6,8130,280.46186354692384,6.155507559395248,0.931,0.928,0.917,0.948
Saarland,male,2,7,8010,280.46186354692384,6.155507559395248,0.931,0.928,0.917,0.948
Saarland,male,2,8,3320,280.46186354692384,6.155507559395248,0.931,0.928,0.917,0.948
Saarland,male,4,1,3260,280.46186354692384,6.155507559395248,0.931,0.928,0.917,0.948
Saarland,male,4,2,38270,280.46186354692384,6.155507559395248,0.931,0.928,0.917,0.948
Saarland,male,4,3,28330,280.46186354692384,6.155507559395248,0.931,0.928,0.917,0.948
Saarland,male,4,4,45560,280.46186354692384,6.155507559395248,0.931,0.928,0.917,0.948
Saarland,male,4,5,44560,280.46186354692384,6.155507559395248,0.931,0.928,0.917,0.948
Saarland,male,4,6,31160,280.46186354692384,6.155507559395248,0.931,0.928,0.917,0.948
Saarland,male,4,7,30360,280.46186354692384,6.155507559395248,0.931,0.928,0.917,0.948
Saarland,male,4,8,11410,280.46186354692384,6.155507559395248,0.931,0.928,0.917,0.948
Saarland,male,5,2,7660,280.46186354692384,6.155507559395248,0.931,0.928,0.917,0.948
Saarland,male,5,3,15490,280.46186354692384,6.155507559395248,0.931,0.928,0.917,0.948
Saarland,male,5,4,26250,280.46186354692384,6.155507559395248,0.931,0.928,0.917,0.948
Saarland,male,5,5,24190,280.46186354692384,6.155507559395248,0.931,0.928,0.917,0.948
Saarland,male,5,6,16560,280.46186354692384,6.155507559395248,0.931,0.928,0.917,0.948
Saarland,male,5,7,10890,280.46186354692384,6.155507559395248,0.931,0.928,0.917,0.948
Saarland,male,5,8,4580,280.46186354692384,6.155507559395248,0.931,0.928,0.917,0.948
Sachsen,female,2,1,50990,133.13104150456468,4.070731258058574,0.93,0.942,0.887,0.963
Sachsen,female,2,2,29370,133.13104150456468,4.070731258058574,0.93,0.942,0.887,0.963
Sachsen,female,2,3,14280,133.13104150456468,4.070731258058574,0.93,0.942,0.887,0.963
Sachsen,female,2,4,16430,133.13104150456468,4.070731258058574,0.93,0.942,0.887,0.963
Sachsen,female,2,5,16530,133.13104150456468,4.070731258058574,0.93,0.942,0.887,0.963
Sachsen,female,2,6,25380,133.13104150456468,4.070731258058574,0.93,0.942,0.887,0.963
Sachsen,female,2,7,62570,133.13104150456468,4.070731258058574,0.93,0.942,0.887,0.963
Sachsen,female,2,8,68480,133.13104150456468,4.070731258058574,0.93,0.942,0.887,0.963
Sachsen,female,4,1,6520,133.13104150456468,4.070731258058574,0.93,0.942,0.887,0.963
Sachsen,female,4,2,150240,133.13104150456468,4.070731258058574,0.93,0.942,0.887,0.963
Sachsen,female,4,3,122100,133.13104150456468,4.070731258058574,0.93,0.942,0.887,0.963
Sachsen,female,4,4,169160,133.13104150456468,4.070731258058574,0.93,0.942,0.887,0.963
Sachsen,female,4,5,178120,133.13104150456468,4.070731258058574,0.93,0.942,0.887,0.963
Sachsen,female,4,6,156620,133.13104150456468,4.070731258058574,0.93,0.942,0.887,0.963
Sachsen,female,4,7,159050,133.13104150456468,4.070731258058574,0.93,0.942,0.887,0.963
Sachsen,female,4,8,80420,133.13104150456468,4.070731258058574,0.93,0.942,0.887,0.963
Sachsen,female,5,1,330,133.13104150456468,4.070731258058574,0.93,0.942,0.887,0.963
Sachsen,female,5,2,59510,133.13104150456468,4.070731258058574,0.93,0.942,0.887,0.963
Sachsen,female,5,3,80960,133.13104150456468,4.070731258058574,0.93,0.942,0.887,0.963
Sachsen,female,5,4,109370,133.13104150456468,4.070731258058574,0.93,0.942,0.887,0.963
Sachsen,female,5,5,115860,133.13104150456468,4.070731258058574,0.93,0.942,0.887,0.963
Sachsen,female,5,6,81980,133.13104150456468,4.070731258058574,0.93,0.942,0.887,0.963
Sachsen,female,5,7,51470,133.13104150456468,4.070731258058574,0.93,0.942,0.887,0.963
Sachsen,female,5,8,16750,133.13104150456468,4.070731258058574,0.93,0.942,0.887,0.963
Sachsen,male,2,1,54580,133.13104150456468,4.070731258058574,0.93,0.942,0.887,0.963
Sachsen,male,2,2,37700,133.13104150456468,4.070731258058574,0.93,0.942,0.887,0.963
Sachsen,male,2,3,19580,133.13104150456468,4.070731258058574,0.93,0.942,0.887,0.963
Sachsen,male,2,4,19550,133.13104150456468,4.070731258058574,0.93,0.942,0.887,0.963
Sachsen,male,2,5,16190,133.13104150456468,4.070731258058574,0.93,0.942,0.887,0.963
Sachsen,male,2,6,12280,133.13104150456468,4.070731258058574,0.93,0.942,0.887,0.963
Sachsen,male,2,7,16750,133.13104150456468,4.070731258058574,0.93,0.942,0.887,0.963
Sachsen,male,2,8,7940,133.13104150456468,4.070731258058574,0.93,0.942,0.887,0.963
Sachsen,male,4,1,6480,133.13104150456468,4.070731258058574,0.93,0.942,0.887,0.963
Sachsen,male,4,2,188650,133.13104150456468,4.070731258058574,0.93,0.942,0.887,0.963
Sachsen,male,4,3,151180,133.13104150456468,4.070731258058574,0.93,0.942,0.887,0.963
Sachsen,male,4,4,202020,133.13104150456468,4.070731258058574,0.93,0.942,0.887,0.963
Sachsen,male,4,5,187680,133.13104150456468,4.070731258058574,0.93,0.942,0.887,0.963
Sachsen,male,4,6,123850,133.13104150456468,4.070731258058574,0.93,0.942,0.887,0.963
Sachsen,male,4,7,110500,133.13104150456468,4.070731258058574,0.93,0.942,0.887,0.963
Sachsen,male,4,8,37070,133.13104150456468,4.070731258058574,0.93,0.942,0.887,0.963
Sachsen,male,5,1,40,133.13104150456468,4.070731258058574,0.93,0.942,0.887,0.963
Sachsen,male,5,2,36370,133.13104150456468,4.070731258058574,0.93,0.942,0.887,0.963
Sachsen,male,5,3,73210,133.13104150456468,4.070731258058574,0.93,0.942,0.887,0.963
Sachsen,male,5,4,91780,133.13104150456468,4.070731258058574,0.93,0.942,0.887,0.963
Sachsen,male,5,5,102680,133.13104150456468,4.070731258058574,0.93,0.942,0.887,0.963
Sachsen,male,5,6,100740,133.13104150456468,4.070731258058574,0.93,0.942,0.887,0.963
Sachsen,male,5,7,87710,133.13104150456468,4.070731258058574,0.93,0.942,0.887,0.963
Sachsen,male,5,8,30110,133.13104150456468,4.070731258058574,0.93,0.942,0.887,0.963
Sachsen-Anhalt,female,2,1,30870,84.09103567823699,3.12331717824448,0.908,0.922,0.873,0.93
Sachsen-Anhalt,female,2,2,19290,84.09103567823699,3.12331717824448,0.908,0.922,0.873,0.93
Sachsen-Anhalt,female,2,3,9870,84.09103567823699,3.12331717824448,0.908,0.922,0.873,0.93
Sachsen-Anhalt,female,2,4,10910,84.09103567823699,3.12331717824448,0.908,0.922,0.873,0.93
Sachsen-Anhalt,female,2,5,13140,84.09103567823699,3.12331717824448,0.908,0.922,0.873,0.93
Sachsen-Anhalt,female,2,6,17990,84.09103567823699,3.12331717824448,0.908,0.922,0.873,0.93
Sachsen-Anhalt,female,2,7,48120,84.09103567823699,3.12331717824448,0.908,0.922,0.873,0.93
Sachsen-Anhalt,female,2,8,43090,84.09103567823699,3.12331717824448,0.908,0.922,0.873,0.93
Sachsen-Anhalt,female,4,1,4210,84.09103567823699,3.12331717824448,0.908,0.922,0.873,0.93
Sachsen-Anhalt,female,4,2,83950,84.09103567823699,3.12331717824448,0.908,0.922,0.873,0.93
Sachsen-Anhalt,female,4,3,67800,84.09103567823699,3.12331717824448,0.908,0.922,0.873,0.93
Sachsen-Anhalt,female,4,4,108780,84.09103567823699,3.12331717824448,0.908,0.922,0.873,0.93
Sachsen-Anhalt,female,4,5,111230,84.09103567823699,3.12331717824448,0.908,0.922,0.873,0.93
Sachsen-Anhalt,female,4,6,88410,84.09103567823699,3.12331717824448,0.908,0.922,0.873,0.93
Sachsen-Anhalt,female,4,7,81950,84.09103567823699,3.12331717824448,0.908,0.922,0.873,0.93
Sachsen-Anhalt,female,4,8,40520,84.09103567823699,3.12331717824448,0.908,0.922,0.873,0.93
Sachsen-Anhalt,female,5,1,280,84.09103567823699,3.12331717824448,0.908,0.922,0.873,0.93
Sachsen-Anhalt,female,5,2,24890,84.09103567823699,3.12331717824448,0.908,0.922,0.873,0.93
Sachsen-Anhalt,female,5,3,34390,84.09103567823699,3.12331717824448,0.908,0.922,0.873,0.93
Sachsen-Anhalt,female,5,4,59430,84.09103567823699,3.12331717824448,0.908,0.922,0.873,0.93
Sachsen-Anhalt,female,5,5,64390,84.09103567823699,3.12331717824448,0.908,0.922,0.873,0.93
Sachsen-Anhalt,female,5,6,44070,84.09103567823699,3.12331717824448,0.908,0.922,0.873,0.93
Sachsen-Anhalt,female,5,7,26980,84.09103567823699,3.12331717824448,0.908,0.922,0.873,0.93
Sachsen-Anhalt,female,5,8,7810,84.09103567823699,3.12331717824448,0.908,0.922,0.873,0.93
Sachsen-Anhalt,male,2,1,32700,84.09103567823699,3.12331717824448,0.908,0.922,0.873,0.93
Sachsen-Anhalt,male,2,2,26420,84.09103567823699,3.12331717824448,0.908,0.922,0.873,0.93
Sachsen-Anhalt,male,2,3,12430,84.09103567823699,3.12331717824448,0.908,0.922,0.873,0.93
Sachsen-Anhalt,male,2,4,11870,84.09103567823699,3.12331717824448,0.908,0.922,0.873,0.93
Sachsen-Anhalt,male,2,5,10850,84.09103567823699,3.12331717824448,0.908,0.922,0.873,0.93
Sachsen-Anhalt,male,2,6,7990,84.09103567823699,3.12331717824448,0.908,0.922,0.873,0.93
Sachsen-Anhalt,male,2,7,12800,84.09103567823699,3.12331717824448,0.908,0.922,0.873,0.93
Sachsen-Anhalt,male,2,8,5130,84.09103567823699,3.12331717824448,0.908,0.922,0.873,0.93
Sachsen-Anhalt,male,4,1,3670,84.09103567823699,3.12331717824448,0.908,0.922,0.873,0.93
Sachsen-Anhalt,male,4,2,102810,84.09103567823699,3.12331717824448,0.908,0.922,0.873,0.93
Sachsen-Anhalt,male,4,3,87370,84.09103567823699,3.12331717824448,0.908,0.922,0.873,0.93
Sachsen-Anhalt,male,4,4,132950,84.09103567823699,3.12331717824448,0.908,0.922,0.873,0.93
Sachsen-Anhalt,male,4,5,122330,84.09103567823699,3.12331717824448,0.908,0.922,0.873,0.93
Sachsen-Anhalt,male,4,6,75650,84.09103567823699,3.12331717824448,0.908,0.922,0.873,0.93
Sachsen-Anhalt,male,4,7,66170,84.09103567823699,3.12331717824448,0.908,0.922,0.873,0.93
Sachsen-Anhalt,male,4,8,20540,84.09103567823699,3.12331717824448,0.908,0.922,0.873,0.93
Sachsen-Anhalt,male,5,1,10,84.09103567823699,3.12331717824448,0.908,0.922,0.873,0.93
Sachsen-Anhalt,male,5,2,13930,84.09103567823699,3.12331717824448,0.908,0.922,0.873,0.93
Sachsen-Anhalt,male,5,3,28350,84.09103567823699,3.12331717824448,0.908,0.922,0.873,0.93
Sachsen-Anhalt,male,5,4,41270,84.09103567823699,3.12331717824448,0.908,0.922,0.873,0.93
Sachsen-Anhalt,male,5,5,54700,84.09103567823699,3.12331717824448,0.908,0.922,0.873,0.93
Sachsen-Anhalt,male,5,6,52760,84.09103567823699,3.12331717824448,0.908,0.922,0.873,0.93
Sachsen-Anhalt,male,5,7,42300,84.09103567823699,3.12331717824448,0.908,0.922,0.873,0.93
Sachsen-Anhalt,male,5,8,13530,84.09103567823699,3.12331717824448,0.908,0.922,0.873,0.93
Schleswig-Holstein,female,2,1,73230,108.26067624258124,4.846938775510204,0.92,0.934,0.898,0.929
Schleswig-Holstein,female,2,2,30940,108.26067624258124,4.846938775510204,0.92,0.934,0.898,0.929
Schleswig-Holstein,female,2,3,23340,108.26067624258124,4.846938775510204,0.92,0.934,0.898,0.929
Schleswig-Holstein,female,2,4,34930,108.26067624258124,4.846938775510204,0.92,0.934,0.898,0.929
Schleswig-Holstein,female,2,5,34400,108.26067624258124,4.846938775510204,0.92,0.934,0.898,0.929
Schleswig-Holstein,female,2,6,36820,108.26067624258124,4.846938775510204,0.92,0.934,0.898,0.929
Schleswig-Holstein,female,2,7,66050,108.26067624258124,4.846938775510204,0.92,0.934,0.898,0.929
Schleswig-Holstein,female,2,8,48070,108.26067624258124,4.846938775510204,0.92,0.934,0.898,0.929
Schleswig-Holstein,female,4,1,4700,108.26067624258124,4.846938775510204,0.92,0.934,0.898,0.929
Schleswig-Holstein,female,4,2,88610,108.26067624258124,4.846938775510204,0.92,0.934,0.898,0.929
Schleswig-Holstein,female,4,3,86950,108.26067624258124,4.846938775510204,0.92,0.934,0.898,0.929
Schleswig-Holstein,female,4,4,142550,108.26067624258124,4.846938775510204,0.92,0.934,0.898,0.929
Schleswig-Holstein,female,4,5,113830,108.26067624258124,4.846938775510204,0.92,0.934,0.898,0.929
Schleswig-Holstein,female,4,6,105930,108.26067624258124,4.846938775510204,0.92,0.934,0.898,0.929
Schleswig-Holstein,female,4,7,79450,108.26067624258124,4.846938775510204,0.92,0.934,0.898,0.929
Schleswig-Holstein,female,4,8,37300,108.26067624258124,4.846938775510204,0.92,0.934,0.898,0.929
Schleswig-Holstein,female,5,1,250,108.26067624258124,4.846938775510204,0.92,0.934,0.898,0.929
Schleswig-Holstein,female,5,2,28760,108.26067624258124,4.846938775510204,0.92,0.934,0.898,0.929
Schleswig-Holstein,female,5,3,46090,108.26067624258124,4.846938775510204,0.92,0.934,0.898,0.929
Schleswig-Holstein,female,5,4,64260,108.26067624258124,4.846938775510204,0.92,0.934,0.898,0.929
Schleswig-Holstein,female,5,5,47780,108.26067624258124,4.846938775510204,0.92,0.934,0.898,0.929
Schleswig-Holstein,female,5,6,29820,108.26067624258124,4.846938775510204,0.92,0.934,0.898,0.929
Schleswig-Holstein,female,5,7,16550,108.26067624258124,4.846938775510204,0.92,0.934,0.898,0.929
Schleswig-Holstein,female,5,8,7390,108.26067624258124,4.846938775510204,0.92,0.934,0.898,0.929
Schleswig-Holstein,male,2,1,72700,108.26067624258124,4.846938775510204,0.92,0.934,0.898,0.929
Schleswig-Holstein,male,2,2,35660,108.26067624258124,4.846938775510204,0.92,0.934,0.898,0.929
Schleswig-Holstein,male,2,3,21800,108.26067624258124,4.846938775510204,0.92,0.934,0.898,0.929
Schleswig-Holstein,male,2,4,28150,108.26067624258124,4.846938775510204,0.92,0.934,0.898,0.929
Schleswig-Holstein,male,2,5,22930,108.26067624258124,4.846938775510204,0.92,0.934,0.898,0.929
Schleswig-Holstein,male,2,6,18030,108.26067624258124,4.846938775510204,0.92,0.934,0.898,0.929
Schleswig-Holstein,male,2,7,21550,108.26067624258124,4.846938775510204,0.92,0.934,0.898,0.929
Schleswig-Holstein,male,2,8,8760,108.26067624258124,4.846938775510204,0.92,0.934,0.898,0.929
Schleswig-Holstein,male,4,1,4240,108.26067624258124,4.846938775510204,0.92,0.934,0.898,0.929
Schleswig-Holstein,male,4,2,94660,108.26067624258124,4.846938775510204,0.92,0.934,0.898,0.929
Schleswig-Holstein,male,4,3,83990,108.26067624258124,4.846938775510204,0.92,0.934,0.898,0.929
Schleswig-Holstein,male,4,4,133310,108.26067624258124,4.846938775510204,0.92,0.934,0.898,0.929
Schleswig-Holstein,male,4,5,106320,108.26067624258124,4.846938775510204,0.92,0.934,0.898,0.929
Schleswig-Holstein,male,4,6,91230,108.26067624258124,4.846938775510204,0.92,0.934,0.898,0.929
Schleswig-Holstein,male,4,7,79630,108.26067624258124,4.846938775510204,0.92,0.934,0.898,0.929
Schleswig-Holstein,male,4,8,26760,108.26067624258124,4.846938775510204,0.92,0.934,0.898,0.929
Schleswig-Holstein,male,5,2,18200,108.26067624258124,4.846938775510204,0.92,0.934,0.898,0.929
Schleswig-Holstein,male,5,3,43590,108.26067624258124,4.846938775510204,0.92,0.934,0.898,0.929
Schleswig-Holstein,male,5,4,76630,108.26067624258124,4.846938775510204,0.92,0.934,0.898,0.929
Schleswig-Holstein,male,5,5,62550,108.26067624258124,4.846938775510204,0.92,0.934,0.898,0.929
Schleswig-Holstein,male,5,6,53530,108.26067624258124,4.846938775510204,0.92,0.934,0.898,0.929
Schleswig-Holstein,male,5,7,36630,108.26067624258124,4.846938775510204,0.92,0.934,0.898,0.929
Schleswig-Holstein,male,5,8,10670,108.26067624258124,4.846938775510204,0.92,0.934,0.898,0.929
Thüringen,female,2,1,29120,150.66642714328708,5.512542582842985,0.921,0.931,0.883,0.949
Thüringen,female,2,2,15150,150.66642714328708,5.512542582842985,0.921,0.931,0.883,0.949
Thüringen,female,2,3,7920,150.66642714328708,5.512542582842985,0.921,0.931,0.883,0.949
Thüringen,female,2,4,8880,150.66642714328708,5.512542582842985,0.921,0.931,0.883,0.949
Thüringen,female,2,5,10400,150.66642714328708,5.512542582842985,0.921,0.931,0.883,0.949
Thüringen,female,2,6,15760,150.66642714328708,5.512542582842985,0.921,0.931,0.883,0.949
Thüringen,female,2,7,37550,150.66642714328708,5.512542582842985,0.921,0.931,0.883,0.949
Thüringen,female,2,8,36060,150.66642714328708,5.512542582842985,0.921,0.931,0.883,0.949
Thüringen,female,4,1,4970,150.66642714328708,5.512542582842985,0.921,0.931,0.883,0.949
Thüringen,female,4,2,81450,150.66642714328708,5.512542582842985,0.921,0.931,0.883,0.949
Thüringen,female,4,3,66860,150.66642714328708,5.512542582842985,0.921,0.931,0.883,0.949
Thüringen,female,4,4,100030,150.66642714328708,5.512542582842985,0.921,0.931,0.883,0.949
Thüringen,female,4,5,104870,150.66642714328708,5.512542582842985,0.921,0.931,0.883,0.949
Thüringen,female,4,6,79510,150.66642714328708,5.512542582842985,0.921,0.931,0.883,0.949
Thüringen,female,4,7,80820,150.66642714328708,5.512542582842985,0.921,0.931,0.883,0.949
Thüringen,female,4,8,38440,150.66642714328708,5.512542582842985,0.921,0.931,0.883,0.949
Thüringen,female,5,1,360,150.66642714328708,5.512542582842985,0.921,0.931,0.883,0.949
Thüringen,female,5,2,30650,150.66642714328708,5.512542582842985,0.921,0.931,0.883,0.949
Thüringen,female,5,3,38090,150.66642714328708,5.512542582842985,0.921,0.931,0.883,0.949
Thüringen,female,5,4,58260,150.66642714328708,5.512542582842985,0.921,0.931,0.883,0.949
Thüringen,female,5,5,64800,150.66642714328708,5.512542582842985,0.921,0.931,0.883,0.949
Thüringen,female,5,6,43610,150.66642714328708,5.512542582842985,0.921,0.931,0.883,0.949
Thüringen,female,5,7,25940,150.66642714328708,5.512542582842985,0.921,0.931,0.883,0.949
Thüringen,female,5,8,8430,150.66642714328708,5.512542582842985,0.921,0.931,0.883,0.949
Thüringen,male,2,1,31380,150.66642714328708,5.512542582842985,0.921,0.931,0.883,0.949
Thüringen,male,2,2,19080,150.66642714328708,5.512542582842985,0.921,0.931,0.883,0.949
Thüringen,male,2,3,10080,150.66642714328708,5.512542582842985,0.921,0.931,0.883,0.949
Thüringen,male,2,4,9940,150.66642714328708,5.512542582842985,0.921,0.931,0.883,0.949
Thüringen,male,2,5,10250,150.66642714328708,5.512542582842985,0.921,0.931,0.883,0.949
Thüringen,male,2,6,6810,150.66642714328708,5.512542582842985,0.921,0.931,0.883,0.949
Thüringen,male,2,7,9930,150.66642714328708,5.512542582842985,0.921,0.931,0.883,0.949
Thüringen,male,2,8,4250,150.66642714328708,5.512542582842985,0.921,0.931,0.883,0.949
Thüringen,male,4,1,3950,150.66642714328708,5.512542582842985,0.921,0.931,0.883,0.949
Thüringen,male,4,2,105240,150.66642714328708,5.512542582842985,0.921,0.931,0.883,0.949
Thüringen,male,4,3,85270,150.66642714328708,5.512542582842985,0.921,0.931,0.883,0.949
Thüringen,male,4,4,119830,150.66642714328708,5.512542582842985,0.921,0.931,0.883,0.949
Thüringen,male,4,5,112530,150.66642714328708,5.512542582842985,0.921,0.931,0.883,0.949
Thüringen,male,4,6,68350,150.66642714328708,5.512542582842985,0.921,0.931,0.883,0.949
Thüringen,male,4,7,59740,150.66642714328708,5.512542582842985,0.921,0.931,0.883,0.949
Thüringen,male,4,8,18500,150.66642714328708,5.512542582842985,0.921,0.931,0.883,0.949
Thüringen,male,5,1,30,150.66642714328708,5.512542582842985,0.921,0.931,0.883,0.949
Thüringen,male,5,2,19680,150.66642714328708,5.512542582842985,0.921,0.931,0.883,0.949
Thüringen,male,5,3,34040,150.66642714328708,5.512542582842985,0.921,0.931,0.883,0.949
Thüringen,male,5,4,44810,150.66642714328708,5.512542582842985,0.921,0.931,0.883,0.949
Thüringen,male,5,5,57160,150.66642714328708,5.512542582842985,0.921,0.931,0.883,0.949
Thüringen,male,5,6,53360,150.66642714328708,5.512542582842985,0.921,0.931,0.883,0.949
Thüringen,male,5,7,43530,150.66642714328708,5.512542582842985,0.921,0.931,0.883,0.949
Thüringen,male,5,8,13320,150.66642714328708,5.512542582842985,0.921,0.931,0.883,0.949
